Province,District,2016,2017,2018,2019,2020,2021
Aceh,ACEH BARAT,21,23,25,41,37,20
Aceh,ACEH BARAT DAYA,26,13,23,42,56,41
Aceh,ACEH BESAR,18,17,27,27,24,16
Aceh,ACEH JAYA,28,39,53,71,54,28
Aceh,ACEH SELATAN,28,34,42,47,44,27
Aceh,ACEH SINGKIL,28,41,33,43,30,11
Aceh,ACEH TAMIANG,29,22,44,39,27,23
Aceh,ACEH TENGAH,21,18,19,24,25,14
Aceh,ACEH TENGGARA,22,12,11,17,16,14
Aceh,ACEH TIMUR,22,23,21,38,41,26
Aceh,ACEH UTARA,17,49,48,42,45,20
Aceh,BENER MERIAH,13,8,3,14,22,11
Aceh,BIREUEN,21,37,42,51,45,33
Aceh,GAYO LUES,50,49,46,58,31,31
Aceh,KOTA BANDA ACEH,36,49,178,57,34,25
Aceh,KOTA LANGSA,19,22,46,43,31,20
Aceh,KOTA LHOKSEUMAWE,42,28,36,53,28,36
Aceh,KOTA SABANG,18,25,17,12,13,3
Aceh,KOTA SUBULUSSALAM,52,58,39,58,74,28
Aceh,NAGAN RAYA,24,27,28,54,31,26
Aceh,PIDIE,26,27,30,56,46,32
Aceh,PIDIE JAYA,29,25,28,37,15,11
Aceh,SIMEULUE,37,61,45,34,45,6
Sumatera Utara,ASAHAN,28,30,46,35,33,19
Sumatera Utara,BATU BARA,22,22,26,30,40,29
Sumatera Utara,DAIRI,34,44,41,58,40,30
Sumatera Utara,DELI SERDANG,23,27,34,36,36,26
Sumatera Utara,HUMBANG HASUNDUTAN,23,32,32,38,39,29
Sumatera Utara,KARO,29,34,51,53,45,24
Sumatera Utara,KOTA BINJAI,24,22,54,28,44,33
Sumatera Utara,KOTA GUNUNGSITOLI,10,22,30,35,48,22
Sumatera Utara,KOTA MEDAN,52,59,83,64,29,17
Sumatera Utara,KOTA PADANGSIDIMPUAN,38,43,56,46,27,16
Sumatera Utara,KOTA PEMATANG SIANTAR,36,41,64,50,41,30
Sumatera Utara,KOTA SIBOLGA,39,47,95,109,70,40
Sumatera Utara,KOTA TANJUNG BALAI,18,26,38,28,28,28
Sumatera Utara,KOTA TEBING TINGGI,20,21,28,23,41,37
Sumatera Utara,LABUHAN BATU,29,30,43,80,47,25
Sumatera Utara,LABUHAN BATU SELATAN,14,11,16,47,77,49
Sumatera Utara,LABUHAN BATU UTARA,22,25,68,44,54,43
Sumatera Utara,LANGKAT,17,23,52,47,43,20
Sumatera Utara,MANDAILING NATAL,45,44,61,52,34,23
Sumatera Utara,NIAS,39,46,46,60,33,27
Sumatera Utara,NIAS BARAT,12,32,44,30,19,14
Sumatera Utara,NIAS SELATAN,19,18,16,16,10,11
Sumatera Utara,NIAS UTARA,24,23,4,32,30,26
Sumatera Utara,PADANG LAWAS,38,14,30,38,26,17
Sumatera Utara,PADANG LAWAS UTARA,32,34,36,53,32,23
Sumatera Utara,PAKPAK BHARAT,40,63,58,75,38,19
Sumatera Utara,SAMOSIR,51,47,55,58,26,17
Sumatera Utara,SERDANG BEDAGAI,19,26,31,40,36,27
Sumatera Utara,SIMALUNGUN,33,36,44,54,45,24
Sumatera Utara,TAPANULI SELATAN,36,39,50,69,44,27
Sumatera Utara,TAPANULI TENGAH,35,38,48,52,28,16
Sumatera Utara,TAPANULI UTARA,15,30,41,60,47,42
Sumatera Utara,TOBA SAMOSIR,41,52,55,68,34,24
Sumatera Barat,AGAM,19,30,39,40,26,17
Sumatera Barat,DHARMASRAYA,30,36,50,44,14,10
Sumatera Barat,KEPULAUAN MENTAWAI,34,43,47,58,0,5
Sumatera Barat,KOTA BUKITTINGGI,24,38,63,48,31,22
Sumatera Barat,KOTA PADANG,29,38,42,59,32,29
Sumatera Barat,KOTA PADANG PANJANG,38,50,62,37,20,18
Sumatera Barat,KOTA PARIAMAN,34,46,67,55,18,24
Sumatera Barat,KOTA PAYAKUMBUH,24,27,23,33,23,9
Sumatera Barat,KOTA SAWAH LUNTO,26,28,25,27,2,7
Sumatera Barat,KOTA SOLOK,26,27,38,46,32,21
Sumatera Barat,LIMA PULUH KOTA,25,25,18,41,24,17
Sumatera Barat,PADANG PARIAMAN,36,41,39,57,84,37
Sumatera Barat,PASAMAN,42,49,82,54,33,31
Sumatera Barat,PASAMAN BARAT,29,51,57,55,8,30
Sumatera Barat,PESISIR SELATAN,44,45,53,80,42,37
Sumatera Barat,SIJUNJUNG,16,30,30,41,14,10
Sumatera Barat,SOLOK,22,22,41,34,8,9
Sumatera Barat,SOLOK SELATAN,30,31,31,45,32,21
Sumatera Barat,TANAH DATAR,21,21,25,36,15,14
Riau,BENGKALIS,17,26,23,33,31,21
Riau,INDRAGIRI HILIR,7,20,24,18,23,18
Riau,INDRAGIRI HULU,12,21,20,24,29,31
Riau,KAMPAR,17,30,32,34,29,26
Riau,KEPULAUAN MERANTI,25,29,34,29,26,11
Riau,KOTA DUMAI,24,31,61,43,40,34
Riau,KOTA PEKANBARU,26,48,68,57,41,24
Riau,KUANTAN SINGINGI,17,17,32,32,26,19
Riau,PELALAWAN,24,35,39,41,34,13
Riau,ROKAN HILIR,21,29,37,51,41,28
Riau,ROKAN HULU,19,42,44,47,38,20
Riau,SIAK,18,18,24,26,21,15
Kepulauan Riau,BINTAN,21,25,31,39,30,20
Kepulauan Riau,KARIMUN,39,34,49,48,33,20
Kepulauan Riau,KEPULAUAN ANAMBAS,13,20,45,45,30,12
Kepulauan Riau,KOTA BATAM,30,35,59,54,39,31
Kepulauan Riau,KOTA TANJUNG PINANG,46,65,49,60,38,24
Kepulauan Riau,LINGGA,28,25,29,33,29,13
Kepulauan Riau,NATUNA,13,23,21,33,20,6
Jambi,BATANG HARI,29,34,31,46,28,21
Jambi,BUNGO,27,16,26,23,28,19
Jambi,KERINCI,11,12,8,16,24,8
Jambi,KOTA JAMBI,24,28,33,31,29,18
Jambi,KOTA SUNGAI PENUH,12,15,10,11,11,9
Jambi,MERANGIN,16,31,32,61,32,21
Jambi,MUARO JAMBI,24,25,24,35,15,19
Jambi,SAROLANGUN,30,35,61,52,45,28
Jambi,TANJUNG JABUNG BARAT,18,23,45,42,22,13
Jambi,TANJUNG JABUNG TIMUR,15,9,22,32,21,12
Jambi,TEBO,23,23,29,33,21,14
Sumatera Selatan,BANYU ASIN,22,32,37,75,28,32
Sumatera Selatan,EMPAT LAWANG,21,33,31,49,36,9
Sumatera Selatan,KOTA LUBUKLINGGAU,28,86,84,78,23,22
Sumatera Selatan,KOTA PAGAR ALAM,31,29,50,38,21,14
Sumatera Selatan,KOTA PALEMBANG,26,47,77,48,33,29
Sumatera Selatan,KOTA PRABUMULIH,26,12,50,109,42,36
Sumatera Selatan,LAHAT,30,33,40,47,26,17
Sumatera Selatan,MUARA ENIM,37,44,55,78,47,31
Sumatera Selatan,MUSI BANYUASIN,19,36,50,73,35,29
Sumatera Selatan,MUSI RAWAS,28,33,46,64,42,35
Sumatera Selatan,MUSI RAWAS UTARA,50,12,56,45,45,35
Sumatera Selatan,OGAN ILIR,28,32,76,68,33,30
Sumatera Selatan,OGAN KOMERING ILIR,24,33,45,65,26,26
Sumatera Selatan,OGAN KOMERING ULU,26,35,54,83,29,28
Sumatera Selatan,OGAN KOMERING ULU SELATAN,12,6,31,26,13,13
Sumatera Selatan,OGAN KOMERING ULU TIMUR,21,42,49,63,24,20
Sumatera Selatan,PENUKAL ABAB,29,8,47,62,43,27
Bangka Belitung,BANGKA,23,27,37,41,32,20
Bangka Belitung,BANGKA BARAT,17,17,17,26,19,11
Bangka Belitung,BANGKA SELATAN,19,27,25,34,18,15
Bangka Belitung,BANGKA TENGAH,19,30,40,38,23,13
Bangka Belitung,BELITUNG,27,31,48,36,31,18
Bangka Belitung,BELITUNG TIMUR,14,18,23,26,25,16
Bangka Belitung,KOTA PANGKAL PINANG,27,52,41,43,47,21
Bengkulu,BENGKULU SELATAN,24,27,29,35,25,16
Bengkulu,BENGKULU TENGAH,25,24,36,31,21,18
Bengkulu,BENGKULU UTARA,20,21,26,28,16,12
Bengkulu,KAUR,16,21,24,31,18,6
Bengkulu,KEPAHIANG,18,30,55,59,55,13
Bengkulu,KOTA BENGKULU,23,28,46,46,25,11
Bengkulu,LEBONG,12,29,47,43,33,19
Bengkulu,MUKOMUKO,33,64,97,91,13,13
Bengkulu,REJANG LEBONG,15,22,30,39,25,13
Bengkulu,SELUMA,12,18,19,19,13,2
Lampung,KOTA BANDAR LAMPUNG,33,37,59,64,47,17
Lampung,KOTA METRO,23,24,40,53,51,24
Lampung,LAMPUNG BARAT,15,6,26,28,21,15
Lampung,LAMPUNG SELATAN,28,34,52,66,35,23
Lampung,LAMPUNG TENGAH,24,30,62,71,51,11
Lampung,LAMPUNG TIMUR,23,25,35,45,31,12
Lampung,LAMPUNG UTARA,26,29,28,47,30,8
Lampung,MESUJI,28,19,53,52,45,26
Lampung,PESAWARAN,26,26,29,40,31,16
Lampung,PESISIR BARAT,30,31,31,31,25,22
Lampung,PRINGSEWU,16,20,31,45,48,23
Lampung,TANGGAMUS,23,26,33,44,40,21
Lampung,TULANGBAWANG,31,35,57,52,42,28
Lampung,TULANG BAWANG BARAT,20,19,44,49,47,29
Lampung,WAY KANAN,27,12,43,53,42,19
Banten,KOTA CILEGON,73,93,121,102,86,42
Banten,KOTA SERANG,51,55,95,116,66,51
Banten,KOTA TANGERANG,26,25,57,92,65,38
Banten,KOTA TANGERANG SELATAN,31,37,105,86,57,33
Banten,LEBAK,36,39,102,107,73,57
Banten,PANDEGLANG,43,53,78,111,80,54
Banten,SERANG,53,58,77,118,80,55
Banten,TANGERANG,32,41,69,88,66,44
DKI Jakarta,KEPULAUAN SERIBU,49,88,71,39,26,10
DKI Jakarta,KOTA JAKARTA BARAT,62,91,96,74,44,30
DKI Jakarta,KOTA JAKARTA PUSAT,128,159,284,120,84,51
DKI Jakarta,KOTA JAKARTA SELATAN,70,93,93,77,53,31
DKI Jakarta,KOTA JAKARTA TIMUR,91,131,131,104,64,47
DKI Jakarta,KOTA JAKARTA UTARA,58,75,98,77,53,35
Jawa Barat,BANDUNG,51,58,67,79,63,39
Jawa Barat,BANDUNG BARAT,29,32,30,52,37,31
Jawa Barat,BEKASI,21,26,30,118,56,32
Jawa Barat,BOGOR,47,60,90,111,76,51
Jawa Barat,CIAMIS,45,53,48,55,57,43
Jawa Barat,CIANJUR,43,48,92,103,93,47
Jawa Barat,CIREBON,45,55,64,138,61,39
Jawa Barat,GARUT,33,38,40,78,70,44
Jawa Barat,INDRAMAYU,33,24,51,78,41,21
Jawa Barat,KARAWANG,37,45,49,121,90,49
Jawa Barat,KOTA BANDUNG,104,127,155,152,108,66
Jawa Barat,KOTA BANJAR,58,106,117,149,57,24
Jawa Barat,KOTA BEKASI,38,46,61,127,67,43
Jawa Barat,KOTA BOGOR,62,69,163,107,66,57
Jawa Barat,KOTA CIMAHI,75,90,115,130,102,52
Jawa Barat,KOTA CIREBON,135,120,219,173,142,72
Jawa Barat,KOTA DEPOK,38,48,57,96,49,37
Jawa Barat,KOTA SUKABUMI,79,115,275,199,118,98
Jawa Barat,KOTA TASIKMALAYA,64,67,70,41,58,45
Jawa Barat,KUNINGAN,64,66,71,98,78,44
Jawa Barat,MAJALENGKA,43,47,48,87,66,32
Jawa Barat,PANGANDARAN,32,32,29,34,47,24
Jawa Barat,PURWAKARTA,32,37,45,93,85,57
Jawa Barat,SUBANG,42,58,81,95,93,53
Jawa Barat,SUKABUMI,43,59,61,108,67,47
Jawa Barat,SUMEDANG,53,58,51,76,65,25
Jawa Barat,TASIKMALAYA,42,42,45,142,49,31
Jawa Tengah,BANJARNEGARA,37,46,64,61,44,29
Jawa Tengah,BANYUMAS,58,104,103,108,91,63
Jawa Tengah,BATANG,30,35,57,66,47,31
Jawa Tengah,BLORA,43,49,63,74,53,27
Jawa Tengah,BOYOLALI,16,30,26,67,20,16
Jawa Tengah,BREBES,29,47,58,73,47,33
Jawa Tengah,CILACAP,50,59,86,105,71,46
Jawa Tengah,DEMAK,28,21,37,56,54,24
Jawa Tengah,GROBOGAN,25,45,34,38,31,13
Jawa Tengah,JEPARA,14,31,29,40,32,21
Jawa Tengah,KARANGANYAR,17,34,31,28,20,9
Jawa Tengah,KEBUMEN,46,57,72,94,72,54
Jawa Tengah,KENDAL,30,42,53,67,61,38
Jawa Tengah,KLATEN,25,31,41,46,24,19
Jawa Tengah,KOTA MAGELANG,217,270,366,169,139,75
Jawa Tengah,KOTA PEKALONGAN,55,62,103,75,76,29
Jawa Tengah,KOTA SALATIGA,101,129,219,130,77,44
Jawa Tengah,KOTA SEMARANG,55,70,95,101,53,42
Jawa Tengah,KOTA SURAKARTA,95,139,112,103,70,46
Jawa Tengah,KOTA TEGAL,179,207,394,252,229,154
Jawa Tengah,KUDUS,28,49,133,75,58,41
Jawa Tengah,MAGELANG,9,15,20,26,18,13
Jawa Tengah,PATI,27,15,45,63,57,35
Jawa Tengah,PEKALONGAN,36,58,79,58,51,36
Jawa Tengah,PEMALANG,28,27,36,59,45,30
Jawa Tengah,PURBALINGGA,37,36,71,66,48,34
Jawa Tengah,PURWOREJO,22,37,32,45,36,22
Jawa Tengah,REMBANG,41,49,84,67,40,31
Jawa Tengah,SEMARANG,24,34,49,41,26,17
Jawa Tengah,SRAGEN,24,51,48,49,29,17
Jawa Tengah,SUKOHARJO,14,19,41,34,29,19
Jawa Tengah,TEGAL,45,69,86,111,87,49
Jawa Tengah,TEMANGGUNG,18,24,28,38,28,21
Jawa Tengah,WONOGIRI,23,46,50,52,33,22
Jawa Tengah,WONOSOBO,32,74,76,98,58,47
DI Yogyakarta,BANTUL,21,27,37,44,31,18
DI Yogyakarta,GUNUNG KIDUL,21,26,25,30,22,12
DI Yogyakarta,KOTA YOGYAKARTA,73,69,70,82,71,42
DI Yogyakarta,KULON PROGO,20,28,23,34,26,14
DI Yogyakarta,SLEMAN,20,23,26,42,41,22
Jawa Timur,BANGKALAN,44,39,61,66,52,28
Jawa Timur,BANYUWANGI,38,44,46,75,56,39
Jawa Timur,BLITAR,20,20,22,33,23,13
Jawa Timur,BOJONEGORO,41,52,81,69,56,24
Jawa Timur,BONDOWOSO,45,39,65,85,53,38
Jawa Timur,GRESIK,47,56,97,87,53,41
Jawa Timur,JEMBER,45,48,55,78,65,37
Jawa Timur,JOMBANG,33,35,66,56,43,30
Jawa Timur,KEDIRI,39,37,43,57,46,24
Jawa Timur,KOTA BATU,26,18,37,34,38,8
Jawa Timur,KOTA BLITAR,62,60,94,54,57,21
Jawa Timur,KOTA KEDIRI,79,75,88,92,66,29
Jawa Timur,KOTA MADIUN,107,114,271,121,70,24
Jawa Timur,KOTA MALANG,65,127,113,83,53,29
Jawa Timur,KOTA MOJOKERTO,93,118,219,104,96,55
Jawa Timur,KOTA PASURUAN,67,74,82,88,81,48
Jawa Timur,KOTA PROBOLINGGO,54,56,91,96,47,22
Jawa Timur,KOTA SURABAYA,55,66,94,82,42,27
Jawa Timur,LAMONGAN,57,68,102,90,66,48
Jawa Timur,LUMAJANG,38,52,82,83,58,33
Jawa Timur,MADIUN,49,56,68,83,47,25
Jawa Timur,MAGETAN,36,22,61,54,37,17
Jawa Timur,MALANG,26,27,33,46,35,21
Jawa Timur,MOJOKERTO,31,23,50,62,39,27
Jawa Timur,NGANJUK,33,31,49,47,32,22
Jawa Timur,NGAWI,33,36,40,59,43,28
Jawa Timur,PACITAN,23,14,25,30,25,14
Jawa Timur,PAMEKASAN,39,46,42,60,55,28
Jawa Timur,PASURUAN,46,36,64,94,52,30
Jawa Timur,PONOROGO,32,39,46,61,54,22
Jawa Timur,PROBOLINGGO,43,43,56,69,46,31
Jawa Timur,SAMPANG,40,45,48,56,39,32
Jawa Timur,SIDOARJO,41,43,68,75,46,32
Jawa Timur,SITUBONDO,51,59,78,77,66,36
Jawa Timur,SUMENEP,53,54,60,84,73,46
Jawa Timur,TRENGGALEK,19,20,25,36,27,11
Jawa Timur,TUBAN,31,62,63,79,56,35
Jawa Timur,TULUNGAGUNG,32,35,41,54,40,18
Kalimantan Barat,BENGKAYANG,30,29,20,37,47,21
Kalimantan Barat,KAPUAS HULU,42,52,34,55,8,5
Kalimantan Barat,KAYONG UTARA,23,19,29,53,23,11
Kalimantan Barat,KETAPANG,21,22,26,40,37,17
Kalimantan Barat,KOTA PONTIANAK,26,31,42,67,57,35
Kalimantan Barat,KOTA SINGKAWANG,26,35,85,102,91,46
Kalimantan Barat,KUBU RAYA,15,19,21,32,26,16
Kalimantan Barat,LANDAK,19,4,0,46,31,20
Kalimantan Barat,MELAWI,20,61,26,69,49,25
Kalimantan Barat,MEMPAWAH,19,19,28,41,33,18
Kalimantan Barat,SAMBAS,24,29,44,60,49,39
Kalimantan Barat,SANGGAU,29,42,44,53,45,19
Kalimantan Barat,SEKADAU,27,23,54,48,28,8
Kalimantan Barat,SINTANG,16,9,34,80,29,16
Kalimantan Tengah,BARITO SELATAN,23,13,24,46,33,22
Kalimantan Tengah,BARITO TIMUR,25,28,31,25,20,16
Kalimantan Tengah,BARITO UTARA,31,37,36,56,32,11
Kalimantan Tengah,GUNUNG MAS,13,26,38,41,35,17
Kalimantan Tengah,KAPUAS,24,27,22,31,21,14
Kalimantan Tengah,KATINGAN,20,24,31,33,21,16
Kalimantan Tengah,KOTA PALANGKA RAYA,42,47,41,54,24,21
Kalimantan Tengah,KOTAWARINGIN BARAT,22,28,50,52,31,27
Kalimantan Tengah,KOTAWARINGIN TIMUR,22,24,24,36,30,18
Kalimantan Tengah,LAMANDAU,35,48,26,44,26,15
Kalimantan Tengah,MURUNG RAYA,52,58,62,61,51,33
Kalimantan Tengah,PULANG PISAU,16,17,21,26,13,7
Kalimantan Tengah,SERUYAN,13,23,21,33,23,13
Kalimantan Tengah,SUKAMARA,19,32,41,45,37,18
Kalimantan Selatan,BALANGAN,33,31,62,40,15,11
Kalimantan Selatan,BANJAR,42,41,62,78,31,21
Kalimantan Selatan,BARITO KUALA,30,32,34,26,20,9
Kalimantan Selatan,HULU SUNGAI SELATAN,40,45,54,53,22,14
Kalimantan Selatan,HULU SUNGAI TENGAH,47,43,49,47,42,23
Kalimantan Selatan,HULU SUNGAI UTARA,33,45,43,40,25,23
Kalimantan Selatan,KOTA BANJAR BARU,38,36,45,42,24,17
Kalimantan Selatan,KOTA BANJARMASIN,29,71,70,72,30,18
Kalimantan Selatan,KOTABARU,21,26,54,33,24,14
Kalimantan Selatan,TABALONG,31,34,54,40,23,12
Kalimantan Selatan,TANAH BUMBU,14,16,25,27,13,14
Kalimantan Selatan,TANAH LAUT,23,29,25,40,20,12
Kalimantan Selatan,TAPIN,26,29,35,45,20,10
Kalimantan Timur,BERAU,42,39,41,58,26,15
Kalimantan Timur,KOTA BALIKPAPAN,32,48,44,62,34,20
Kalimantan Timur,KOTA BONTANG,49,62,26,114,65,36
Kalimantan Timur,KOTA SAMARINDA,26,38,45,49,46,24
Kalimantan Timur,KUTAI BARAT,24,31,45,68,32,34
Kalimantan Timur,KUTAI KARTANEGARA,28,31,38,37,23,18
Kalimantan Timur,KUTAI TIMUR,40,41,46,50,34,19
Kalimantan Timur,MAHAKAM HULU,24,41,33,54,39,10
Kalimantan Timur,PASER,23,20,#N/A,46,37,22
Kalimantan Timur,PENAJAM PASER UTARA,29,28,35,38,36,10
Kalimantan Utara,BULUNGAN,42,58,47,67,34,17
Kalimantan Utara,KOTA TARAKAN,38,42,49,60,42,28
Kalimantan Utara,MALINAU,72,118,86,95,56,40
Kalimantan Utara,NUNUKAN,24,48,38,62,27,17
Kalimantan Utara,TANA TIDUNG,12,18,19,41,15,5
Sulawesi Utara,BOLAANG MONGONDOW,46,49,42,65,67,42
Sulawesi Utara,BOLAANG MONGONDOW SELATAN,42,73,80,103,53,33
Sulawesi Utara,BOLAANG MONGONDOW TIMUR,40,41,59,85,56,36
Sulawesi Utara,BOLAANG MONGONDOW UTARA,41,42,59,76,49,38
Sulawesi Utara,KEPULAUAN SANGIHE,35,76,38,57,31,11
Sulawesi Utara,KEPULAUAN TALAUD,30,35,37,67,65,28
Sulawesi Utara,KOTA BITUNG,47,80,63,82,59,41
Sulawesi Utara,KOTA KOTAMOBAGU,47,59,57,60,44,32
Sulawesi Utara,KOTA MANADO,87,112,120,130,71,56
Sulawesi Utara,KOTA TOMOHON,31,117,101,78,52,45
Sulawesi Utara,MINAHASA,37,39,40,59,37,29
Sulawesi Utara,MINAHASA SELATAN,45,50,44,72,37,19
Sulawesi Utara,MINAHASA TENGGARA,35,38,50,51,43,35
Sulawesi Utara,MINAHASA UTARA,46,41,41,71,63,36
Sulawesi Utara,KEP. SIAU TAGULANDANG BIARO,33,47,51,74,53,33
Gorontalo,BOALEMO,6,13,43,67,50,35
Gorontalo,BONE BOLANGO,59,62,86,114,89,69
Gorontalo,GORONTALO,22,27,84,106,47,53
Gorontalo,GORONTALO UTARA,45,21,57,88,66,36
Gorontalo,KOTA GORONTALO,40,55,70,86,46,34
Gorontalo,POHUWATO,30,41,58,85,59,34
Sulawesi Tengah,BANGGAI,22,46,92,89,68,34
Sulawesi Tengah,BANGGAI KEPULAUAN,26,45,52,69,41,16
Sulawesi Tengah,BANGGAI LAUT,31,47,98,53,65,43
Sulawesi Tengah,BUOL,17,13,29,43,29,24
Sulawesi Tengah,DONGGALA,31,37,35,54,27,21
Sulawesi Tengah,KOTA PALU,40,52,64,48,40,32
Sulawesi Tengah,MOROWALI,47,54,70,117,59,63
Sulawesi Tengah,MOROWALI UTARA,20,33,46,49,38,18
Sulawesi Tengah,PARIGI MOUTONG,24,34,37,43,40,18
Sulawesi Tengah,POSO,30,32,16,34,31,20
Sulawesi Tengah,SIGI,32,38,47,56,45,22
Sulawesi Tengah,TOJO UNA-UNA,36,53,131,55,45,20
Sulawesi Tengah,TOLI-TOLI,39,40,89,63,38,26
Sulawesi Selatan,BANTAENG,26,34,89,55,58,31
Sulawesi Selatan,BARRU,30,33,45,44,33,31
Sulawesi Selatan,BONE,20,34,46,52,35,29
Sulawesi Selatan,BULUKUMBA,28,35,39,47,29,29
Sulawesi Selatan,ENREKANG,17,28,58,31,24,17
Sulawesi Selatan,GOWA,41,47,60,71,34,40
Sulawesi Selatan,JENEPONTO,31,36,60,51,34,37
Sulawesi Selatan,KEPULAUAN SELAYAR,42,46,44,49,43,30
Sulawesi Selatan,KOTA MAKASSAR,54,69,146,102,73,43
Sulawesi Selatan,KOTA PALOPO,43,55,112,60,51,40
Sulawesi Selatan,KOTA PAREPARE,42,48,145,73,68,30
Sulawesi Selatan,LUWU,21,39,47,55,37,35
Sulawesi Selatan,LUWU TIMUR,21,26,36,46,36,21
Sulawesi Selatan,LUWU UTARA,27,42,64,60,32,27
Sulawesi Selatan,MAROS,30,32,60,59,38,35
Sulawesi Selatan,PANGKAJENE DAN KEPULAUAN,42,57,66,73,55,50
Sulawesi Selatan,PINRANG,30,35,61,47,35,40
Sulawesi Selatan,SIDENRENG RAPPANG,44,57,135,56,36,32
Sulawesi Selatan,SINJAI,34,42,41,67,43,30
Sulawesi Selatan,SOPPENG,23,31,53,50,33,17
Sulawesi Selatan,TAKALAR,31,47,105,72,47,44
Sulawesi Selatan,TANA TORAJA,20,26,33,39,21,15
Sulawesi Selatan,TORAJA UTARA,10,13,15,30,29,17
Sulawesi Selatan,WAJO,47,52,99,66,43,39
Sulawesi Barat,MAJENE,35,43,45,86,65,47
Sulawesi Barat,MAMASA,12,15,17,34,36,28
Sulawesi Barat,MAMUJU,36,43,43,70,46,36
Sulawesi Barat,MAMUJU TENGAH,18,29,33,66,33,40
Sulawesi Barat,PASANGKAYU,20,25,19,42,45,31
Sulawesi Barat,POLEWALI MANDAR,33,36,46,62,39,36
Sulawesi Tenggara,BOMBANA,28,36,37,77,97,23
Sulawesi Tenggara,BUTON,21,17,17,75,49,24
Sulawesi Tenggara,BUTON SELATAN,30,30,#DIV/0!,41,33,16
Sulawesi Tenggara,BUTON TENGAH,25,33,#DIV/0!,54,44,40
Sulawesi Tenggara,BUTON UTARA,21,23,39,39,19,7
Sulawesi Tenggara,KOLAKA,44,41,52,57,49,22
Sulawesi Tenggara,KOLAKA TIMUR,6,19,16,29,20,9
Sulawesi Tenggara,KOLAKA UTARA,33,14,30,35,33,24
Sulawesi Tenggara,KONAWE,46,44,41,47,22,10
Sulawesi Tenggara,KONAWE KEPULAUAN,20,44,#DIV/0!,43,68,29
Sulawesi Tenggara,KONAWE SELATAN,21,15,33,47,33,11
Sulawesi Tenggara,KONAWE UTARA,35,32,44,72,52,43
Sulawesi Tenggara,KOTA BAUBAU,40,47,41,48,49,34
Sulawesi Tenggara,KOTA KENDARI,41,41,46,48,34,34
Sulawesi Tenggara,MUNA,48,48,55,57,36,19
Sulawesi Tenggara,MUNA BARAT,13,15,#DIV/0!,57,36,29
Sulawesi Tenggara,WAKATOBI,19,18,24,40,14,7
Bali,BADUNG,19,22,24,34,22,16
Bali,BANGLI,10,10,10,16,5,7
Bali,BULELENG,31,35,39,40,32,28
Bali,GIANYAR,13,16,17,21,14,9
Bali,JEMBRANA,19,24,24,28,18,15
Bali,KARANGASEM,18,20,23,34,20,15
Bali,KLUNGKUNG,13,21,20,20,25,17
Bali,KOTA DENPASAR,37,41,49,45,33,21
Bali,TABANAN,17,18,15,28,18,12
NTB,BIMA,33,38,36,46,76,23
NTB,DOMPU,31,39,32,46,36,23
NTB,KOTA BIMA,32,37,86,38,14,32
NTB,KOTA MATARAM,22,28,28,46,42,21
NTB,LOMBOK BARAT,27,28,30,43,30,22
NTB,LOMBOK TENGAH,25,23,23,35,29,23
NTB,LOMBOK TIMUR,23,29,26,35,30,23
NTB,LOMBOK UTARA,27,33,35,44,41,22
NTB,SUMBAWA,27,31,32,45,29,22
NTB,SUMBAWA BARAT,28,32,38,56,41,25
NTT,ALOR,30,31,36,27,31,22
NTT,BELU,55,61,69,89,39,17
NTT,ENDE,29,26,50,67,24,18
NTT,FLORES TIMUR,13,17,21,25,26,15
NTT,KOTA KUPANG,43,42,34,38,49,35
NTT,KUPANG,21,28,30,42,19,10
NTT,LEMBATA,28,32,36,39,19,16
NTT,MALAKA,35,35,43,60,64,20
NTT,MANGGARAI,13,16,21,31,22,10
NTT,MANGGARAI BARAT,18,30,31,34,28,16
NTT,MANGGARAI TIMUR,11,12,15,23,16,17
NTT,NAGEKEO,19,27,40,31,30,18
NTT,NGADA,22,20,26,30,21,15
NTT,ROTE NDAO,21,15,17,23,20,6
NTT,SABU RAIJUA,23,14,14,28,31,15
NTT,SIKKA,28,29,32,42,36,31
NTT,SUMBA BARAT,68,63,61,94,55,9
NTT,SUMBA BARAT DAYA,27,29,30,42,50,22
NTT,SUMBA TENGAH,40,45,30,34,24,29
NTT,SUMBA TIMUR,41,55,37,45,29,13
NTT,TIMOR TENGAH SELATAN,17,25,25,34,27,16
NTT,TIMOR TENGAH UTARA,21,25,24,27,29,7
Maluku,BURU,22,21,29,29,39,15
Maluku,BURU SELATAN,22,21,23,36,13,16
Maluku,KEPULAUAN ARU,80,105,111,119,27,26
Maluku,KOTA AMBON,69,86,74,84,42,32
Maluku,KOTA TUAL,93,97,107,71,49,7
Maluku,MALUKU BARAT DAYA,26,33,56,45,47,25
Maluku,MALUKU TENGAH,38,34,37,60,23,18
Maluku,MALUKU TENGGARA,118,159,137,108,41,17
Maluku,MALUKU TENGGARA BARAT,38,37,60,64,20,14
Maluku,SERAM BAGIAN BARAT,23,20,3,35,45,12
Maluku,SERAM BAGIAN TIMUR,28,43,55,42,23,20
Maluku Utara,HALMAHERA BARAT,34,32,44,53,49,34
Maluku Utara,HALMAHERA SELATAN,33,35,41,58,40,15
Maluku Utara,HALMAHERA TENGAH,27,29,39,47,24,25
Maluku Utara,HALMAHERA TIMUR,22,7,32,45,20,7
Maluku Utara,HALMAHERA UTARA,39,45,45,58,37,26
Maluku Utara,KEPULAUAN SULA,33,21,23,33,26,20
Maluku Utara,KOTA TERNATE,44,89,46,59,50,32
Maluku Utara,KOTA TIDORE KEPULAUAN,39,44,46,69,41,22
Maluku Utara,PULAU MOROTAI,34,11,34,41,33,30
Maluku Utara,PULAU TALIABU,13,18,29,23,14,3
Papua,ASMAT,42,61,76,90,86,44
Papua,BIAK NUMFOR,96,99,131,114,58,24
Papua,BOVEN DIGOEL,87,96,111,107,72,39
Papua,DEIYAI,1,0,0,0,0,0
Papua,DOGIYAI,7,3,4,4,3,4
Papua,INTAN JAYA,0,1,3,7,0,0
Papua,JAYAPURA,153,157,160,54,37,25
Papua,JAYAWIJAYA,54,55,50,40,21,17
Papua,KEEROM,37,43,46,44,59,18
Papua,KOTA JAYAPURA,123,239,171,75,49,26
Papua,LANNY JAYA,1,0,0,2,3,1
Papua,MAMBERAMO RAYA,0,17,43,31,17,26
Papua,MAMBERAMO TENGAH,0,0,3,0,1,1
Papua,MAPPI,189,210,233,211,102,66
Papua,MERAUKE,62,92,100,87,70,30
Papua,MIMIKA,150,158,188,141,80,64
Papua,NABIRE,147,174,152,130,83,67
Papua,NDUGA,0,0,0,0,0,0
Papua,PANIAI,47,57,51,56,66,54
Papua,PEGUNUNGAN BINTANG,6,11,37,20,31,15
Papua,PUNCAK,1,0,0,4,5,1
Papua,PUNCAK JAYA,0,3,9,9,21,8
Papua,SARMI,33,31,49,54,31,13
Papua,SUPIORI,63,47,77,66,26,22
Papua,TOLIKARA,2,0,6,6,0,0
Papua,WAROPEN,9,28,34,27,17,13
Papua,YAHUKIMO,1,1,4,13,71,31
Papua,YALIMO,3,2,5,5,2,1
Papua,KEPULAUAN YAPEN,117,129,142,107,39,6
Papua Barat,FAKFAK,84,58,62,26,19,22
Papua Barat,KAIMANA,49,90,80,59,34,32
Papua Barat,KOTA SORONG,32,38,24,47,27,27
Papua Barat,MANOKWARI,108,94,116,121,52,32
Papua Barat,MANOKWARI SELATAN,10,54,69,34,93,44
Papua Barat,MAYBRAT,0,0,0,2,0,0
Papua Barat,PEGUNUNGAN ARFAK,0,0,0,0,10,0
Papua Barat,RAJA AMPAT,25,7,23,20,13,7
Papua Barat,SORONG,49,48,66,105,37,36
Papua Barat,SORONG SELATAN,62,84,115,71,18,23
Papua Barat,TAMBRAUW,0,0,0,0,6,1
Papua Barat,TELUK BINTUNI,13,31,76,20,13,9
Papua Barat,TELUK WONDAMA,137,74,67,65,52,36